{"count":1,"self":121.23804159999999,"total":207.79651919999998,"children":{"InitializeActuators":{"count":1,"self":0.001995,"total":0.001995,"children":null},"InitializeSensors":{"count":1,"self":0.0019947999999999997,"total":0.0019947999999999997,"children":null},"AgentSendState":{"count":174434,"self":0.42256699999999997,"total":1.0081924,"children":{"CollectObservations":{"count":17444,"self":0.046535799999999995,"total":0.046535799999999995,"children":null},"WriteActionMask":{"count":17444,"self":0.0209424,"total":0.0209424,"children":null},"RequestDecision":{"count":17444,"self":0.0817828,"total":0.5181472,"children":{"AgentInfo.ToProto":{"count":17444,"self":0.1017216,"total":0.4363644,"children":{"GenerateSensorData":{"count":17444,"self":0.33464279999999996,"total":0.33464279999999996,"children":null}}}}}}},"DecideAction":{"count":174434,"self":84.702438399999991,"total":84.7024385,"children":null},"AgentAct":{"count":174434,"self":0.82690009999999992,"total":0.83088889999999993,"children":{"AgentInfo.ToProto":{"count":152,"self":0.0009969,"total":0.0039888,"children":{"GenerateSensorData":{"count":152,"self":0.0029919,"total":0.0029919,"children":null}}}}},"AgentInfo.ToProto":{"count":172,"self":0.0009971,"total":0.0059844,"children":{"GenerateSensorData":{"count":172,"self":0.0049873,"total":0.0049873,"children":null}}}},"gauges":{"RollerBall.CumulativeReward":{"count":324,"max":14.7,"min":-37.3,"runningAverage":6.298767,"value":8.1,"weightedAverage":10.0368595}},"metadata":{"timer_format_version":"0.1.0","start_time_seconds":"1641750283","unity_version":"2021.1.22f1","command_line_arguments":"Z:\\Programas\\UnityVersions\\2021.1.22f1\\Editor\\Unity.exe -projectpath Z:\\MyFiles\\GitHub\\AI_Project_2\\AI_Project_2 -useHub -hubIPC -cloudEnvironment production -licensingIpc LicenseClient-kuron -hubSessionId b5216e50-7142-11ec-a3c1-ab7881e35ead -accessToken _wNzuwqifJsK5plUISsKw6eEAJbA6mMtlnpxG15NN6s012f","communication_protocol_version":"1.5.0","com.unity.ml-agents_version":"2.1.0-exp.1","scene_name":"SampleScene","end_time_seconds":"1641750490"}}