{"count":1,"self":192.77195519999998,"total":379.4452199,"children":{"InitializeActuators":{"count":1,"self":0.00099819999999999987,"total":0.00099819999999999987,"children":null},"InitializeSensors":{"count":1,"self":0.0009958,"total":0.0009958,"children":null},"AgentSendState":{"count":368617,"self":0.9616062,"total":2.1688793,"children":{"CollectObservations":{"count":36862,"self":0.0847653,"total":0.0847653,"children":null},"WriteActionMask":{"count":36862,"self":0.043396699999999996,"total":0.043396699999999996,"children":null},"RequestDecision":{"count":36862,"self":0.1934438,"total":1.0791111,"children":{"AgentInfo.ToProto":{"count":36862,"self":0.20347939999999998,"total":0.88566729999999994,"children":{"GenerateSensorData":{"count":36862,"self":0.6821879,"total":0.6821879,"children":null}}}}}}},"DecideAction":{"count":368617,"self":181.14420479999998,"total":181.14419949999998,"children":null},"AgentAct":{"count":368617,"self":3.332496,"total":3.3571993,"children":{"AgentInfo.ToProto":{"count":1279,"self":0.0059844999999999994,"total":0.024703199999999998,"children":{"GenerateSensorData":{"count":1279,"self":0.018718699999999998,"total":0.018718699999999998,"children":null}}}}}},"gauges":{"RollerBall.CumulativeReward":{"count":1279,"max":1,"min":-0.1,"runningAverage":-0.0467553176,"value":-0.1,"weightedAverage":-0.099999994}},"metadata":{"timer_format_version":"0.1.0","start_time_seconds":"1641343478","unity_version":"2021.1.22f1","command_line_arguments":"Z:\\Programas\\UnityVersions\\2021.1.22f1\\Editor\\Unity.exe -projectpath Z:\\MyFiles\\GitHub\\AI_Project_2\\AI_Project_2 -useHub -hubIPC -cloudEnvironment production -licensingIpc LicenseClient-kuron -hubSessionId 004d3d40-6d61-11ec-bd7c-6990fae77901 -accessToken x25HJOHjwIgXxFD4j7tPztqROksM1yfeFjaVVXSRTH8012f","communication_protocol_version":"1.5.0","com.unity.ml-agents_version":"2.1.0-exp.1","scene_name":"SampleScene","end_time_seconds":"1641343857"}}