{"count":1,"self":644.9716224,"total":1111.8995246,"children":{"InitializeActuators":{"count":1,"self":0.001993,"total":0.001993,"children":null},"InitializeSensors":{"count":1,"self":0.000998,"total":0.000998,"children":null},"AgentSendState":{"count":886801,"self":2.5341709999999997,"total":5.6305393,"children":{"CollectObservations":{"count":88681,"self":0.23182019999999998,"total":0.23182019999999998,"children":null},"WriteActionMask":{"count":88681,"self":0.1126928,"total":0.1126928,"children":null},"RequestDecision":{"count":88681,"self":0.46776769999999995,"total":2.7518553,"children":{"AgentInfo.ToProto":{"count":88681,"self":0.47663429999999996,"total":2.2840876,"children":{"GenerateSensorData":{"count":88681,"self":1.8074531999999999,"total":1.8074533,"children":null}}}}}}},"DecideAction":{"count":886801,"self":456.32609279999997,"total":456.32610769999997,"children":null},"AgentAct":{"count":886801,"self":4.9233595999999995,"total":4.9652546,"children":{"AgentInfo.ToProto":{"count":1662,"self":0.0069819,"total":0.0418949,"children":{"GenerateSensorData":{"count":1662,"self":0.034913,"total":0.034913,"children":null}}}}},"AgentInfo.ToProto":{"count":109,"self":0.000997,"total":0.0019955999999999997,"children":{"GenerateSensorData":{"count":109,"self":0.00099859999999999988,"total":0.00099859999999999988,"children":null}}}},"gauges":{"RollerBall.CumulativeReward":{"count":1771,"max":16.9999924,"min":-2.80000043,"runningAverage":9.847715,"value":15.699995,"weightedAverage":13.4897861}},"metadata":{"timer_format_version":"0.1.0","start_time_seconds":"1642880725","unity_version":"2021.1.22f1","command_line_arguments":"Z:\\Programas\\UnityVersions\\2021.1.22f1\\Editor\\Unity.exe -projectpath Z:\\MyFiles\\GitHub\\AI_Project_2\\AI_Project_2 -useHub -hubIPC -cloudEnvironment production -licensingIpc LicenseClient-kuron -hubSessionId 3667ac00-7b65-11ec-8cf3-6737a7d0bf17 -accessToken 2VxlU4W_ddx64cuVtDc1H-_K0kxlADui50NMi9Z3OQw012f","communication_protocol_version":"1.5.0","com.unity.ml-agents_version":"2.1.0-exp.1","scene_name":"SampleScene","end_time_seconds":"1642881837"}}