{
    "name": "root",
    "gauges": {
        "RollerBall.Policy.Entropy.mean": {
            "value": 1.3696595430374146,
            "min": 1.3696595430374146,
            "max": 1.4071810245513916,
            "count": 2
        },
        "RollerBall.Policy.Entropy.sum": {
            "value": 13726.728515625,
            "min": 13726.728515625,
            "max": 14081.66015625,
            "count": 2
        },
        "RollerBall.Environment.EpisodeLength.mean": {
            "value": 14.324159021406729,
            "min": 14.324159021406729,
            "max": 17.565862708719852,
            "count": 2
        },
        "RollerBall.Environment.EpisodeLength.sum": {
            "value": 9368.0,
            "min": 9368.0,
            "max": 9468.0,
            "count": 2
        },
        "RollerBall.Step.mean": {
            "value": 19998.0,
            "min": 9973.0,
            "max": 19998.0,
            "count": 2
        },
        "RollerBall.Step.sum": {
            "value": 19998.0,
            "min": 9973.0,
            "max": 19998.0,
            "count": 2
        },
        "RollerBall.Policy.ExtrinsicValueEstimate.mean": {
            "value": -0.011316034011542797,
            "min": -0.011316034011542797,
            "max": 0.06209816783666611,
            "count": 2
        },
        "RollerBall.Policy.ExtrinsicValueEstimate.sum": {
            "value": -7.400686264038086,
            "min": -7.400686264038086,
            "max": 33.4088134765625,
            "count": 2
        },
        "RollerBall.Environment.CumulativeReward.mean": {
            "value": 0.0,
            "min": 0.0,
            "max": 0.007434944237918215,
            "count": 2
        },
        "RollerBall.Environment.CumulativeReward.sum": {
            "value": 0.0,
            "min": 0.0,
            "max": 4.0,
            "count": 2
        },
        "RollerBall.Policy.ExtrinsicReward.mean": {
            "value": 0.0,
            "min": 0.0,
            "max": 0.007434944237918215,
            "count": 2
        },
        "RollerBall.Policy.ExtrinsicReward.sum": {
            "value": 0.0,
            "min": 0.0,
            "max": 4.0,
            "count": 2
        },
        "RollerBall.Losses.PolicyLoss.mean": {
            "value": 0.23971622725086075,
            "min": 0.23820090743761774,
            "max": 0.23971622725086075,
            "count": 2
        },
        "RollerBall.Losses.PolicyLoss.sum": {
            "value": 22.053892907079188,
            "min": 20.96167985451036,
            "max": 22.053892907079188,
            "count": 2
        },
        "RollerBall.Losses.ValueLoss.mean": {
            "value": 0.005818781679203352,
            "min": 0.005818781679203352,
            "max": 0.0953747767271405,
            "count": 2
        },
        "RollerBall.Losses.ValueLoss.sum": {
            "value": 0.5353279144867084,
            "min": 0.5353279144867084,
            "max": 8.392980351988363,
            "count": 2
        },
        "RollerBall.Policy.LearningRate.mean": {
            "value": 0.00029775741922578804,
            "min": 0.00029775741922578804,
            "max": 0.00029924258207065455,
            "count": 2
        },
        "RollerBall.Policy.LearningRate.sum": {
            "value": 0.0273936825687725,
            "min": 0.0263333472222176,
            "max": 0.0273936825687725,
            "count": 2
        },
        "RollerBall.Policy.Epsilon.mean": {
            "value": 0.49700989130434775,
            "min": 0.49700989130434775,
            "max": 0.49899010909090913,
            "count": 2
        },
        "RollerBall.Policy.Epsilon.sum": {
            "value": 45.724909999999994,
            "min": 43.9111296,
            "max": 45.724909999999994,
            "count": 2
        },
        "RollerBall.Policy.Beta.mean": {
            "value": 0.000496337116847826,
            "min": 0.000496337116847826,
            "max": 0.0004987628836363637,
            "count": 2
        },
        "RollerBall.Policy.Beta.sum": {
            "value": 0.045663014749999994,
            "min": 0.043891133760000006,
            "max": 0.045663014749999994,
            "count": 2
        },
        "RollerBall.IsTraining.mean": {
            "value": 1.0,
            "min": 1.0,
            "max": 1.0,
            "count": 2
        },
        "RollerBall.IsTraining.sum": {
            "value": 1.0,
            "min": 1.0,
            "max": 1.0,
            "count": 2
        }
    },
    "metadata": {
        "timer_format_version": "0.1.0",
        "start_time_seconds": "1641510351",
        "python_version": "3.7.11 (default, Jul 27 2021, 09:42:29) [MSC v.1916 64 bit (AMD64)]",
        "command_line_arguments": "Z:\\Programas\\Anaconda3\\envs\\AI2\\Scripts\\mlagents-learn config/rollerball.yaml --run-id=RollerBall --force",
        "mlagents_version": "0.27.0",
        "mlagents_envs_version": "0.27.0",
        "communication_protocol_version": "1.5.0",
        "pytorch_version": "1.7.1+cpu",
        "numpy_version": "1.21.5",
        "end_time_seconds": "1641510569"
    },
    "total": 217.38505500000002,
    "count": 1,
    "self": 0.010500800000016852,
    "children": {
        "run_training.setup": {
            "total": 0.1721781,
            "count": 1,
            "self": 0.1721781
        },
        "TrainerController.start_learning": {
            "total": 217.2023761,
            "count": 1,
            "self": 0.43832760000148596,
            "children": {
                "TrainerController._reset_env": {
                    "total": 8.4407083,
                    "count": 1,
                    "self": 8.4407083
                },
                "TrainerController.advance": {
                    "total": 207.65055639999852,
                    "count": 23083,
                    "self": 0.46264290000002006,
                    "children": {
                        "env_step": {
                            "total": 174.64596439999983,
                            "count": 23083,
                            "self": 148.15475119999766,
                            "children": {
                                "SubprocessEnvManager._take_step": {
                                    "total": 26.22190910000053,
                                    "count": 23083,
                                    "self": 0.9992407999998818,
                                    "children": {
                                        "TorchPolicy.evaluate": {
                                            "total": 25.22266830000065,
                                            "count": 21941,
                                            "self": 5.886867499999305,
                                            "children": {
                                                "TorchPolicy.sample_actions": {
                                                    "total": 19.335800800001344,
                                                    "count": 21941,
                                                    "self": 19.335800800001344
                                                }
                                            }
                                        }
                                    }
                                },
                                "workers": {
                                    "total": 0.2693041000016265,
                                    "count": 23082,
                                    "self": 0.0,
                                    "children": {
                                        "worker_root": {
                                            "total": 207.77517439999858,
                                            "count": 23082,
                                            "is_parallel": true,
                                            "self": 77.86878099999922,