{
    "name": "root",
    "gauges": {
        "RollerBall.Policy.Entropy.mean": {
            "value": 1.2496575117111206,
            "min": 1.2496575117111206,
            "max": 1.2496575117111206,
            "count": 1
        },
        "RollerBall.Policy.Entropy.sum": {
            "value": 7552.9296875,
            "min": 7552.9296875,
            "max": 7552.9296875,
            "count": 1
        },
        "RollerBall.Environment.EpisodeLength.mean": {
            "value": 64.73333333333333,
            "min": 64.73333333333333,
            "max": 64.73333333333333,
            "count": 1
        },
        "RollerBall.Environment.EpisodeLength.sum": {
            "value": 5826.0,
            "min": 5826.0,
            "max": 5826.0,
            "count": 1
        },
        "RollerBall.Step.mean": {
            "value": 149972.0,
            "min": 149972.0,
            "max": 149972.0,
            "count": 1
        },
        "RollerBall.Step.sum": {
            "value": 149972.0,
            "min": 149972.0,
            "max": 149972.0,
            "count": 1
        },
        "RollerBall.Policy.ExtrinsicValueEstimate.mean": {
            "value": 0.18273207545280457,
            "min": 0.18273207545280457,
            "max": 0.18273207545280457,
            "count": 1
        },
        "RollerBall.Policy.ExtrinsicValueEstimate.sum": {
            "value": 28.323471069335938,
            "min": 28.323471069335938,
            "max": 28.323471069335938,
            "count": 1
        },
        "RollerBall.Environment.CumulativeReward.mean": {
            "value": -0.1555555588669247,
            "min": -0.1555555588669247,
            "max": -0.1555555588669247,
            "count": 1
        },
        "RollerBall.Environment.CumulativeReward.sum": {
            "value": -14.000000298023224,
            "min": -14.000000298023224,
            "max": -14.000000298023224,
            "count": 1
        },
        "RollerBall.Policy.ExtrinsicReward.mean": {
            "value": -0.1555555588669247,
            "min": -0.1555555588669247,
            "max": -0.1555555588669247,
            "count": 1
        },
        "RollerBall.Policy.ExtrinsicReward.sum": {
            "value": -14.000000298023224,
            "min": -14.000000298023224,
            "max": -14.000000298023224,
            "count": 1
        },
        "RollerBall.Losses.PolicyLoss.mean": {
            "value": 0.24602452038125716,
            "min": 0.24602452038125716,
            "max": 0.24602452038125716,
            "count": 1
        },
        "RollerBall.Losses.PolicyLoss.sum": {
            "value": 1.2301226019062859,
            "min": 1.2301226019062859,
            "max": 1.2301226019062859,
            "count": 1
        },
        "RollerBall.Losses.ValueLoss.mean": {
            "value": 0.00861747948628433,
            "min": 0.00861747948628433,
            "max": 0.00861747948628433,
            "count": 1
        },
        "RollerBall.Losses.ValueLoss.sum": {
            "value": 0.04308739743142165,
            "min": 0.04308739743142165,
            "max": 0.04308739743142165,
            "count": 1
        },
        "RollerBall.Policy.LearningRate.mean": {
            "value": 0.00027794457735180994,
            "min": 0.00027794457735180994,
            "max": 0.00027794457735180994,
            "count": 1
        },
        "RollerBall.Policy.LearningRate.sum": {
            "value": 0.0013897228867590498,
            "min": 0.0013897228867590498,
            "max": 0.0013897228867590498,
            "count": 1
        },
        "RollerBall.Policy.Epsilon.mean": {
            "value": 0.37794457000000004,
            "min": 0.37794457000000004,
            "max": 0.37794457000000004,
            "count": 1
        },
        "RollerBall.Policy.Epsilon.sum": {
            "value": 1.8897228500000003,
            "min": 1.8897228500000003,
            "max": 1.8897228500000003,
            "count": 1
        },
        "RollerBall.Policy.Beta.mean": {
            "value": 0.00046397613099999997,
            "min": 0.00046397613099999997,
            "max": 0.00046397613099999997,
            "count": 1
        },
        "RollerBall.Policy.Beta.sum": {
            "value": 0.002319880655,
            "min": 0.002319880655,
            "max": 0.002319880655,
            "count": 1
        },
        "RollerBall.IsTraining.mean": {
            "value": 1.0,
            "min": 1.0,
            "max": 1.0,
            "count": 1
        },
        "RollerBall.IsTraining.sum": {
            "value": 1.0,
            "min": 1.0,
            "max": 1.0,
            "count": 1
        }
    },
    "metadata": {
        "timer_format_version": "0.1.0",
        "start_time_seconds": "1641564206",
        "python_version": "3.7.11 (default, Jul 27 2021, 09:42:29) [MSC v.1916 64 bit (AMD64)]",
        "command_line_arguments": "Z:\\Programas\\Anaconda3\\envs\\AI2\\Scripts\\mlagents-learn config/rollerball.yaml --run-id=RollerBall --resume",
        "mlagents_version": "0.27.0",
        "mlagents_envs_version": "0.27.0",
        "communication_protocol_version": "1.5.0",
        "pytorch_version": "1.7.1+cpu",
        "numpy_version": "1.21.5",
        "end_time_seconds": "1641564302"
    },
    "total": 96.0126412,
    "count": 1,
    "self": 0.005407900000008681,
    "children": {
        "run_training.setup": {
            "total": 0.15946859999999996,
            "count": 1,
            "self": 0.15946859999999996
        },
        "TrainerController.start_learning": {
            "total": 95.8477647,
            "count": 1,
            "self": 0.16303559999948902,
            "children": {
                "TrainerController._reset_env": {
                    "total": 6.4863295,
                    "count": 1,
                    "self": 6.4863295
                },
                "TrainerController.advance": {
                    "total": 89.08266210000052,
                    "count": 7966,
                    "self": 0.16769450000076347,
                    "children": {
                        "env_step": {
                            "total": 77.69852269999969,
                            "count": 7966,
                            "self": 67.45516649999985,
                            "children": {
                                "SubprocessEnvManager._take_step": {
                                    "total": 10.143514600000298,
                                    "count": 7966,
                                    "self": 0.4207197000002516,
                                    "children": {
                                        "TorchPolicy.evaluate": {
                                            "total": 9.722794900000046,
                                            "count": 7871,
                                            "self": 2.2563644999996653,
                                            "children": {
                                                "TorchPolicy.sample_actions": {
                                                    "total": 7.466430400000381,
                                                    "count": 7871,
                                                    "self": 7.466430400000381
                                                }
                                            }
                                        }
                                    }
                                },
                                "workers": {
                                    "total": 0.09984159999953857,
                                    "count": 7965,
                                    "self": 0.0,
                                    "children": {
                                        "worker_root": {
                                            "total": 89.04150119999959,
                                            "count": 7965,
                                            "is_parallel": true,