{
    "name": "root",
    "gauges": {
        "RollerBall.Policy.Entropy.mean": {
            "value": 1.0845292806625366,
            "min": 1.0845292806625366,
            "max": 1.1031312942504883,
            "count": 2
        },
        "RollerBall.Policy.Entropy.sum": {
            "value": 10805.1650390625,
            "min": 8137.7998046875,
            "max": 10805.1650390625,
            "count": 2
        },
        "RollerBall.Environment.EpisodeLength.mean": {
            "value": 53.79234972677595,
            "min": 51.23571428571429,
            "max": 53.79234972677595,
            "count": 2
        },
        "RollerBall.Environment.EpisodeLength.sum": {
            "value": 9844.0,
            "min": 7173.0,
            "max": 9844.0,
            "count": 2
        },
        "RollerBall.Step.mean": {
            "value": 189953.0,
            "min": 179978.0,
            "max": 189953.0,
            "count": 2
        },
        "RollerBall.Step.sum": {
            "value": 189953.0,
            "min": 179978.0,
            "max": 189953.0,
            "count": 2
        },
        "RollerBall.Policy.ExtrinsicValueEstimate.mean": {
            "value": 2.454393148422241,
            "min": 0.7180889248847961,
            "max": 2.454393148422241,
            "count": 2
        },
        "RollerBall.Policy.ExtrinsicValueEstimate.sum": {
            "value": 564.5104370117188,
            "min": 127.81982421875,
            "max": 564.5104370117188,
            "count": 2
        },
        "RollerBall.Environment.CumulativeReward.mean": {
            "value": 7.887362592495405,
            "min": 4.179999990974154,
            "max": 7.887362592495405,
            "count": 2
        },
        "RollerBall.Environment.CumulativeReward.sum": {
            "value": 1435.4999918341637,
            "min": 585.1999987363815,
            "max": 1435.4999918341637,
            "count": 2
        },
        "RollerBall.Policy.ExtrinsicReward.mean": {
            "value": 7.887362592495405,
            "min": 4.179999990974154,
            "max": 7.887362592495405,
            "count": 2
        },
        "RollerBall.Policy.ExtrinsicReward.sum": {
            "value": 1435.4999918341637,
            "min": 585.1999987363815,
            "max": 1435.4999918341637,
            "count": 2
        },
        "RollerBall.Losses.PolicyLoss.mean": {
            "value": 0.2398852846402873,
            "min": 0.2398852846402873,
            "max": 0.24244114593041827,
            "count": 2
        },
        "RollerBall.Losses.PolicyLoss.sum": {
            "value": 18.950937486582696,
            "min": 14.06158646396426,
            "max": 18.950937486582696,
            "count": 2
        },
        "RollerBall.Losses.ValueLoss.mean": {
            "value": 2.0121736269052644,
            "min": 1.3945976404326161,
            "max": 2.0121736269052644,
            "count": 2
        },
        "RollerBall.Losses.ValueLoss.sum": {
            "value": 158.96171652551587,
            "min": 80.88666314509173,
            "max": 158.96171652551587,
            "count": 2
        },
        "RollerBall.Policy.LearningRate.mean": {
            "value": 0.00027222918773795314,
            "min": 0.00027222918773795314,
            "max": 0.00027356052260626545,
            "count": 2
        },
        "RollerBall.Policy.LearningRate.sum": {
            "value": 0.0215061058312983,
            "min": 0.015866510311163397,
            "max": 0.0215061058312983,
            "count": 2
        },
        "RollerBall.Policy.Epsilon.mean": {
            "value": 0.23611458924050635,
            "min": 0.23611458924050635,
            "max": 0.2367802568965517,
            "count": 2
        },
        "RollerBall.Policy.Epsilon.sum": {
            "value": 18.65305255,
            "min": 13.733254899999999,
            "max": 18.65305255,
            "count": 2
        },
        "RollerBall.Policy.Beta.mean": {
            "value": 0.00045464099151898733,
            "min": 0.00045464099151898733,
            "max": 0.000456815505862069,
            "count": 2
        },
        "RollerBall.Policy.Beta.sum": {
            "value": 0.03591663833,
            "min": 0.02649529934,
            "max": 0.03591663833,
            "count": 2
        },
        "RollerBall.IsTraining.mean": {
            "value": 1.0,
            "min": 1.0,
            "max": 1.0,
            "count": 2
        },
        "RollerBall.IsTraining.sum": {
            "value": 1.0,
            "min": 1.0,
            "max": 1.0,
            "count": 2
        }
    },
    "metadata": {
        "timer_format_version": "0.1.0",
        "start_time_seconds": "1641750278",
        "python_version": "3.7.11 (default, Jul 27 2021, 09:42:29) [MSC v.1916 64 bit (AMD64)]",
        "command_line_arguments": "Z:\\Programas\\Anaconda3\\envs\\AI2\\Scripts\\mlagents-learn config/rollerball.yaml --run-id=RollerBall --resume",
        "mlagents_version": "0.27.0",
        "mlagents_envs_version": "0.27.0",
        "communication_protocol_version": "1.5.0",
        "pytorch_version": "1.7.1+cpu",
        "numpy_version": "1.21.5",
        "end_time_seconds": "1641750490"
    },
    "total": 212.4947067,
    "count": 1,
    "self": 0.005491800000015701,
    "children": {
        "run_training.setup": {
            "total": 0.09095200000000003,
            "count": 1,
            "self": 0.09095200000000003
        },
        "TrainerController.start_learning": {
            "total": 212.3982629,
            "count": 1,
            "self": 0.3283226999984379,
            "children": {
                "TrainerController._reset_env": {
                    "total": 5.1475909,
                    "count": 1,
                    "self": 5.1475909
                },
                "TrainerController.advance": {
                    "total": 206.80970510000157,
                    "count": 17731,
                    "self": 0.3588059000013004,
                    "children": {
                        "env_step": {
                            "total": 181.79451720000174,
                            "count": 17731,
                            "self": 161.0815153000027,
                            "children": {
                                "SubprocessEnvManager._take_step": {
                                    "total": 20.503639699999937,
                                    "count": 17731,
                                    "self": 0.7652835000002831,
                                    "children": {
                                        "TorchPolicy.evaluate": {
                                            "total": 19.738356199999654,
                                            "count": 17442,
                                            "self": 4.669899499996971,
                                            "children": {
                                                "TorchPolicy.sample_actions": {
                                                    "total": 15.068456700002683,
                                                    "count": 17442,
                                                    "self": 15.068456700002683
                                                }
                                            }
                                        }
                                    }
                                },
                                "workers": {
                                    "total": 0.2093621999990889,
                                    "count": 17730,
                                    "self": 0.0,
                                    "children": {
                                        "worker_root": {
                                            "total": 206.58124799999896,
                                            "count": 17730,
                                            "is_parallel": true,