{
    "name": "root",
    "metadata": {
        "timer_format_version": "0.1.0",
        "start_time_seconds": "1642936482",
        "python_version": "3.7.11 (default, Jul 27 2021, 09:42:29) [MSC v.1916 64 bit (AMD64)]",
        "command_line_arguments": "Z:\\Programas\\Anaconda3\\envs\\AI2\\Scripts\\mlagents-learn config/rollerball.yaml --run-id=RollerBall --resume",
        "mlagents_version": "0.27.0",
        "mlagents_envs_version": "0.27.0",
        "communication_protocol_version": "1.5.0",
        "pytorch_version": "1.7.1+cpu",
        "numpy_version": "1.21.5",
        "end_time_seconds": "1642936499"
    },
    "total": 17.0198507,
    "count": 1,
    "self": 0.026884499999997757,
    "children": {
        "run_training.setup": {
            "total": 0.2603563000000001,
            "count": 1,
            "self": 0.2603563000000001
        },
        "TrainerController.start_learning": {
            "total": 16.7326099,
            "count": 1,
            "self": 0.00045140000000643,
            "children": {
                "TrainerController._reset_env": {
                    "total": 14.460042099999999,
                    "count": 1,
                    "self": 14.460042099999999
                },
                "TrainerController.advance": {
                    "total": 1.3101898999999975,
                    "count": 6,
                    "self": 0.0001321999999923662,
                    "children": {
                        "env_step": {
                            "total": 1.3099359000000028,
                            "count": 6,
                            "self": 1.1154262999999975,
                            "children": {
                                "SubprocessEnvManager._take_step": {
                                    "total": 0.1944517999999995,
                                    "count": 6,
                                    "self": 0.0003565999999999292,
                                    "children": {
                                        "TorchPolicy.evaluate": {
                                            "total": 0.19409519999999958,
                                            "count": 6,
                                            "self": 0.005549599999998378,
                                            "children": {
                                                "TorchPolicy.sample_actions": {
                                                    "total": 0.1885456000000012,
                                                    "count": 6,
                                                    "self": 0.1885456000000012
                                                }
                                            }
                                        }
                                    }
                                },
                                "workers": {
                                    "total": 5.78000000057699e-05,
                                    "count": 5,
                                    "self": 0.0,
                                    "children": {
                                        "worker_root": {
                                            "total": 1.6298360999999986,
                                            "count": 5,
                                            "is_parallel": true,
                                            "self": 0.6681212999999975,
                                            "children": {
                                                "steps_from_proto": {
                                                    "total": 0.036481699999999506,
                                                    "count": 1,
                                                    "is_parallel": true,
                                                    "self": 0.0015046999999999144,
                                                    "children": {
                                                        "_process_rank_one_or_two_observation": {
                                                            "total": 0.03497699999999959,
                                                            "count": 2,
                                                            "is_parallel": true,
                                                            "self": 0.03497699999999959
                                                        }
                                                    }
                                                },
                                                "UnityEnvironment.step": {
                                                    "total": 0.9252331000000016,
                                                    "count": 5,
                                                    "is_parallel": true,
                                                    "self": 0.00039620000000262223,
                                                    "children": {
                                                        "UnityEnvironment._generate_step_input": {
                                                            "total": 0.0003506999999984828,
                                                            "count": 5,
                                                            "is_parallel": true,
                                                            "self": 0.0003506999999984828
                                                        },
                                                        "communicator.exchange": {
                                                            "total": 0.9226504999999996,
                                                            "count": 5,
                                                            "is_parallel": true,
                                                            "self": 0.9226504999999996
                                                        },
                                                        "steps_from_proto": {
                                                            "total": 0.0018357000000008838,
                                                            "count": 5,
                                                            "is_parallel": true,
                                                            "self": 0.0011883999999966477,
                                                            "children": {
                                                                "_process_rank_one_or_two_observation": {
                                                                    "total": 0.0006473000000042362,
                                                                    "count": 10,
                                                                    "is_parallel": true,
                                                                    "self": 0.0006473000000042362
                                                                }
                                                            }
                                                        }
                                                    }
                                                }
                                            }
                                        }
                                    }
                                }
                            }
                        },
                        "trainer_advance": {
                            "total": 0.0001218000000022812,
                            "count": 5,
                            "self": 8.500000000566388e-05,
                            "children": {
                                "process_trajectory": {
                                    "total": 3.6799999996617316e-05,
                                    "count": 5,
                                    "self": 3.6799999996617316e-05
                                }
                            }
                        }
                    }
                },