{
    "name": "root",
    "gauges": {
        "RollerBall.Policy.Entropy.mean": {
            "value": 1.3382357358932495,
            "min": 1.3382357358932495,
            "max": 1.4098353385925293,
            "count": 3
        },
        "RollerBall.Policy.Entropy.sum": {
            "value": 13405.107421875,
            "min": 13405.107421875,
            "max": 14099.763671875,
            "count": 3
        },
        "RollerBall.Environment.EpisodeLength.mean": {
            "value": 30.699367088607595,
            "min": 24.9559585492228,
            "max": 30.699367088607595,
            "count": 3
        },
        "RollerBall.Environment.EpisodeLength.sum": {
            "value": 9701.0,
            "min": 9633.0,
            "max": 9701.0,
            "count": 3
        },
        "RollerBall.Step.mean": {
            "value": 29994.0,
            "min": 9970.0,
            "max": 29994.0,
            "count": 3
        },
        "RollerBall.Step.sum": {
            "value": 29994.0,
            "min": 9970.0,
            "max": 29994.0,
            "count": 3
        },
        "RollerBall.Policy.ExtrinsicValueEstimate.mean": {
            "value": -0.09982817620038986,
            "min": -0.22920170426368713,
            "max": 0.02015041559934616,
            "count": 3
        },
        "RollerBall.Policy.ExtrinsicValueEstimate.sum": {
            "value": -32.04484558105469,
            "min": -79.76219177246094,
            "max": 8.080316543579102,
            "count": 3
        },
        "RollerBall.Environment.CumulativeReward.mean": {
            "value": -0.10000000149011612,
            "min": -0.10000000149011612,
            "max": -0.02305699620453805,
            "count": 3
        },
        "RollerBall.Environment.CumulativeReward.sum": {
            "value": -31.600000470876694,
            "min": -31.600000470876694,
            "max": -8.900000534951687,
            "count": 3
        },
        "RollerBall.Policy.ExtrinsicReward.mean": {
            "value": -0.10000000149011612,
            "min": -0.10000000149011612,
            "max": -0.02305699620453805,
            "count": 3
        },
        "RollerBall.Policy.ExtrinsicReward.sum": {
            "value": -31.600000470876694,
            "min": -31.600000470876694,
            "max": -8.900000534951687,
            "count": 3
        },
        "RollerBall.Losses.PolicyLoss.mean": {
            "value": 0.2509822920208584,
            "min": 0.24697433349518189,
            "max": 0.2509822920208584,
            "count": 3
        },
        "RollerBall.Losses.PolicyLoss.sum": {
            "value": 2.509822920208584,
            "min": 2.222769001456637,
            "max": 2.509822920208584,
            "count": 3
        },
        "RollerBall.Losses.ValueLoss.mean": {
            "value": 0.0045507389597276154,
            "min": 0.0045507389597276154,
            "max": 0.07870480135718763,
            "count": 3
        },
        "RollerBall.Losses.ValueLoss.sum": {
            "value": 0.045507389597276154,
            "min": 0.045507389597276154,
            "max": 0.7083432122146887,
            "count": 3
        },
        "RollerBall.Policy.LearningRate.mean": {
            "value": 0.00029624277125241,
            "min": 0.00029624277125241,
            "max": 0.0002992349335883555,
            "count": 3
        },
        "RollerBall.Policy.LearningRate.sum": {
            "value": 0.0029624277125240997,
            "min": 0.0026931144022951997,
            "max": 0.0029777883074039004,
            "count": 3
        },
        "RollerBall.Policy.Epsilon.mean": {
            "value": 0.3962427700000001,
            "min": 0.3962427700000001,
            "max": 0.39923493333333343,
            "count": 3
        },
        "RollerBall.Policy.Epsilon.sum": {
            "value": 3.9624277000000006,
            "min": 3.593114400000001,
            "max": 3.9777883000000003,
            "count": 3
        },
        "RollerBall.Policy.Beta.mean": {
            "value": 0.000493863191,
            "min": 0.000493863191,
            "max": 0.0004987503911111111,
            "count": 3
        },
        "RollerBall.Policy.Beta.sum": {
            "value": 0.00493863191,
            "min": 0.00448875352,
            "max": 0.0049637208899999995,
            "count": 3
        },
        "RollerBall.IsTraining.mean": {
            "value": 1.0,
            "min": 1.0,
            "max": 1.0,
            "count": 3
        },
        "RollerBall.IsTraining.sum": {
            "value": 1.0,
            "min": 1.0,
            "max": 1.0,
            "count": 3
        }
    },
    "metadata": {
        "timer_format_version": "0.1.0",
        "start_time_seconds": "1641343470",
        "python_version": "3.7.11 (default, Jul 27 2021, 09:42:29) [MSC v.1916 64 bit (AMD64)]",
        "command_line_arguments": "Z:\\Programas\\Anaconda3\\envs\\AI2\\Scripts\\mlagents-learn config/rollerball.yaml --run-id=RollerBall --force",
        "mlagents_version": "0.27.0",
        "mlagents_envs_version": "0.27.0",
        "communication_protocol_version": "1.5.0",
        "pytorch_version": "1.7.1+cpu",
        "numpy_version": "1.21.5",
        "end_time_seconds": "1641343857"
    },
    "total": 387.6398444,
    "count": 1,
    "self": 0.005111600000020644,
    "children": {
        "run_training.setup": {
            "total": 0.09398939999999989,
            "count": 1,
            "self": 0.09398939999999989
        },
        "TrainerController.start_learning": {
            "total": 387.5407434,
            "count": 1,
            "self": 0.7064127999993275,
            "children": {
                "TrainerController._reset_env": {
                    "total": 8.4575305,
                    "count": 1,
                    "self": 8.4575305
                },
                "TrainerController.advance": {
                    "total": 378.2805718000007,
                    "count": 38000,
                    "self": 0.7594421999994552,
                    "children": {
                        "env_step": {
                            "total": 324.1869083000034,
                            "count": 38000,
                            "self": 279.40933119999954,
                            "children": {
                                "SubprocessEnvManager._take_step": {
                                    "total": 44.31028540000651,
                                    "count": 38000,
                                    "self": 1.6789797000057263,
                                    "children": {
                                        "TorchPolicy.evaluate": {
                                            "total": 42.63130570000078,
                                            "count": 36861,
                                            "self": 9.875866299999302,
                                            "children": {
                                                "TorchPolicy.sample_actions": {
                                                    "total": 32.75543940000148,
                                                    "count": 36861,
                                                    "self": 32.75543940000148
                                                }
                                            }
                                        }
                                    }
                                },
                                "workers": {
                                    "total": 0.467291699997304,
                                    "count": 37999,
                                    "self": 0.0,
                                    "children": {
                                        "worker_root": {
                                            "total": 378.06366189999727,
                                            "count": 37999,
                                            "is_parallel": true,