{
    "name": "root",
    "gauges": {
        "RollerBall.Policy.Entropy.mean": {
            "value": 0.9389195442199707,
            "min": 0.9389195442199707,
            "max": 0.9910299777984619,
            "count": 4
        },
        "RollerBall.Policy.Entropy.sum": {
            "value": 9411.7294921875,
            "min": 9411.7294921875,
            "max": 9913.8818359375,
            "count": 4
        },
        "RollerBall.Environment.EpisodeLength.mean": {
            "value": 49.88324873096447,
            "min": 49.88324873096447,
            "max": 57.44117647058823,
            "count": 4
        },
        "RollerBall.Environment.EpisodeLength.sum": {
            "value": 9827.0,
            "min": 9765.0,
            "max": 9832.0,
            "count": 4
        },
        "RollerBall.Step.mean": {
            "value": 289982.0,
            "min": 259946.0,
            "max": 289982.0,
            "count": 4
        },
        "RollerBall.Step.sum": {
            "value": 289982.0,
            "min": 259946.0,
            "max": 289982.0,
            "count": 4
        },
        "RollerBall.Policy.ExtrinsicValueEstimate.mean": {
            "value": 5.109302997589111,
            "min": 4.002227306365967,
            "max": 5.109302997589111,
            "count": 4
        },
        "RollerBall.Policy.ExtrinsicValueEstimate.sum": {
            "value": 1006.5326538085938,
            "min": 784.4365234375,
            "max": 1006.5326538085938,
            "count": 4
        },
        "RollerBall.Environment.CumulativeReward.mean": {
            "value": 10.697969521967893,
            "min": 9.858579860989158,
            "max": 10.697969521967893,
            "count": 4
        },
        "RollerBall.Environment.CumulativeReward.sum": {
            "value": 2107.499995827675,
            "min": 1666.0999965071678,
            "max": 2107.499995827675,
            "count": 4
        },
        "RollerBall.Policy.ExtrinsicReward.mean": {
            "value": 10.697969521967893,
            "min": 9.858579860989158,
            "max": 10.697969521967893,
            "count": 4
        },
        "RollerBall.Policy.ExtrinsicReward.sum": {
            "value": 2107.499995827675,
            "min": 1666.0999965071678,
            "max": 2107.499995827675,
            "count": 4
        },
        "RollerBall.Losses.PolicyLoss.mean": {
            "value": 0.24390181783582887,
            "min": 0.24251201949506754,
            "max": 0.24390181783582887,
            "count": 4
        },
        "RollerBall.Losses.PolicyLoss.sum": {
            "value": 21.46335996955294,
            "min": 19.235920103972155,
            "max": 21.46335996955294,
            "count": 4
        },
        "RollerBall.Losses.ValueLoss.mean": {
            "value": 0.8115736290706198,
            "min": 0.8115736290706198,
            "max": 1.2573237540569864,
            "count": 4
        },
        "RollerBall.Losses.ValueLoss.sum": {
            "value": 71.41847935821454,
            "min": 71.41847935821454,
            "max": 104.35787158672987,
            "count": 4
        },
        "RollerBall.Policy.LearningRate.mean": {
            "value": 0.0002572448426608148,
            "min": 0.0002572448426608148,
            "max": 0.0002617372038935101,
            "count": 4
        },
        "RollerBall.Policy.LearningRate.sum": {
            "value": 0.0226375461541517,
            "min": 0.020677239107587297,
            "max": 0.0226375461541517,
            "count": 4
        },
        "RollerBall.Policy.Epsilon.mean": {
            "value": 0.2286224142045454,
            "min": 0.2286224142045454,
            "max": 0.2308685955696203,
            "count": 4
        },
        "RollerBall.Policy.Epsilon.sum": {
            "value": 20.118772449999994,
            "min": 18.238619050000004,
            "max": 20.118772449999994,
            "count": 4
        },
        "RollerBall.Policy.Beta.mean": {
            "value": 0.0004301665530681818,
            "min": 0.0004301665530681818,
            "max": 0.00043750407886075963,
            "count": 4
        },
        "RollerBall.Policy.Beta.sum": {
            "value": 0.03785465667,
            "min": 0.03456282223000001,
            "max": 0.03785465667,
            "count": 4
        },
        "RollerBall.IsTraining.mean": {
            "value": 1.0,
            "min": 1.0,
            "max": 1.0,
            "count": 4
        },
        "RollerBall.IsTraining.sum": {
            "value": 1.0,
            "min": 1.0,
            "max": 1.0,
            "count": 4
        }
    },
    "metadata": {
        "timer_format_version": "0.1.0",
        "start_time_seconds": "1641770558",
        "python_version": "3.7.11 (default, Jul 27 2021, 09:42:29) [MSC v.1916 64 bit (AMD64)]",
        "command_line_arguments": "Z:\\Programas\\Anaconda3\\envs\\AI2\\Scripts\\mlagents-learn config/rollerball.yaml --run-id=RollerBall --resume",
        "mlagents_version": "0.27.0",
        "mlagents_envs_version": "0.27.0",
        "communication_protocol_version": "1.5.0",
        "pytorch_version": "1.7.1+cpu",
        "numpy_version": "1.21.5",
        "end_time_seconds": "1641770996"
    },
    "total": 437.7125979,
    "count": 1,
    "self": 0.004685800000004292,
    "children": {
        "run_training.setup": {
            "total": 0.1164525999999999,
            "count": 1,
            "self": 0.1164525999999999
        },
        "TrainerController.start_learning": {
            "total": 437.5914595,
            "count": 1,
            "self": 0.8426080000029401,
            "children": {
                "TrainerController._reset_env": {
                    "total": 13.3931688,
                    "count": 1,
                    "self": 13.3931688
                },
                "TrainerController.advance": {
                    "total": 423.2296909999971,
                    "count": 40777,
                    "self": 0.892746500001806,
                    "children": {
                        "env_step": {
                            "total": 358.23214020000006,
                            "count": 40777,
                            "self": 306.08765490000167,
                            "children": {
                                "SubprocessEnvManager._take_step": {
                                    "total": 51.62294260000026,
                                    "count": 40777,
                                    "self": 2.0145089999987604,
                                    "children": {
                                        "TorchPolicy.evaluate": {
                                            "total": 49.6084336000015,
                                            "count": 40097,
                                            "self": 11.706197000003392,
                                            "children": {
                                                "TorchPolicy.sample_actions": {
                                                    "total": 37.902236599998105,
                                                    "count": 40097,
                                                    "self": 37.902236599998105
                                                }
                                            }
                                        }
                                    }
                                },
                                "workers": {
                                    "total": 0.521542699998168,
                                    "count": 40776,
                                    "self": 0.0,
                                    "children": {
                                        "worker_root": {
                                            "total": 422.8627263999953,
                                            "count": 40776,
                                            "is_parallel": true,