{
    "name": "root",
    "metadata": {
        "timer_format_version": "0.1.0",
        "start_time_seconds": "1641301950",
        "python_version": "3.7.11 (default, Jul 27 2021, 09:42:29) [MSC v.1916 64 bit (AMD64)]",
        "command_line_arguments": "D:\\Anaconda\\envs\\AI_Project_2\\Scripts\\mlagents-learn config/rollerball.yaml --run-id=RollerBall --force",
        "mlagents_version": "0.27.0",
        "mlagents_envs_version": "0.27.0",
        "communication_protocol_version": "1.5.0",
        "pytorch_version": "1.7.1+cpu",
        "numpy_version": "1.21.5",
        "end_time_seconds": "1641302082"
    },
    "total": 132.6657491,
    "count": 1,
    "self": 0.008574899999985064,
    "children": {
        "run_training.setup": {
            "total": 0.3223735000000001,
            "count": 1,
            "self": 0.3223735000000001
        },
        "TrainerController.start_learning": {
            "total": 132.33480070000002,
            "count": 1,
            "self": 0.1794206999994401,
            "children": {
                "TrainerController._reset_env": {
                    "total": 45.2462655,
                    "count": 1,
                    "self": 45.2462655
                },
                "TrainerController.advance": {
                    "total": 86.32210630000057,
                    "count": 6529,
                    "self": 0.17398320000106082,
                    "children": {
                        "env_step": {
                            "total": 71.62863549999942,
                            "count": 6529,
                            "self": 60.12621439999863,
                            "children": {
                                "SubprocessEnvManager._take_step": {
                                    "total": 11.385232700000316,
                                    "count": 6529,
                                    "self": 0.44460120000014314,
                                    "children": {
                                        "TorchPolicy.evaluate": {
                                            "total": 10.940631500000173,
                                            "count": 6412,
                                            "self": 2.582948200000196,
                                            "children": {
                                                "TorchPolicy.sample_actions": {
                                                    "total": 8.357683299999977,
                                                    "count": 6412,
                                                    "self": 8.357683299999977
                                                }
                                            }
                                        }
                                    }
                                },
                                "workers": {
                                    "total": 0.11718840000047237,
                                    "count": 6528,
                                    "self": 0.0,
                                    "children": {
                                        "worker_root": {
                                            "total": 86.6171514999999,
                                            "count": 6528,
                                            "is_parallel": true,
                                            "self": 34.52932080000001,
                                            "children": {
                                                "steps_from_proto": {
                                                    "total": 0.036203700000001504,
                                                    "count": 1,
                                                    "is_parallel": true,
                                                    "self": 0.004623199999997496,
                                                    "children": {
                                                        "_process_rank_one_or_two_observation": {
                                                            "total": 0.03158050000000401,
                                                            "count": 2,
                                                            "is_parallel": true,
                                                            "self": 0.03158050000000401
                                                        }
                                                    }
                                                },
                                                "UnityEnvironment.step": {
                                                    "total": 52.0516269999999,
                                                    "count": 6528,
                                                    "is_parallel": true,
                                                    "self": 0.7148611000002134,
                                                    "children": {
                                                        "UnityEnvironment._generate_step_input": {
                                                            "total": 0.6685635999996435,
                                                            "count": 6528,
                                                            "is_parallel": true,
                                                            "self": 0.6685635999996435
                                                        },
                                                        "communicator.exchange": {
                                                            "total": 48.26637500000011,
                                                            "count": 6528,
                                                            "is_parallel": true,
                                                            "self": 48.26637500000011
                                                        },
                                                        "steps_from_proto": {
                                                            "total": 2.4018272999999297,
                                                            "count": 6528,
                                                            "is_parallel": true,
                                                            "self": 1.5306389999998729,
                                                            "children": {
                                                                "_process_rank_one_or_two_observation": {
                                                                    "total": 0.8711883000000569,
                                                                    "count": 13056,
                                                                    "is_parallel": true,
                                                                    "self": 0.8711883000000569
                                                                }
                                                            }
                                                        }
                                                    }
                                                }
                                            }
                                        }
                                    }
                                }
                            }
                        },
                        "trainer_advance": {
                            "total": 14.519487600000083,
                            "count": 6528,
                            "self": 0.23498009999948266,
                            "children": {
                                "process_trajectory": {
                                    "total": 0.7775069000005601,
                                    "count": 6528,
                                    "self": 0.7775069000005601
                                },
                                "_update_policy": {
                                    "total": 13.50700060000004,