{
    "name": "root",
    "metadata": {
        "timer_format_version": "0.1.0",
        "start_time_seconds": "1641316499",
        "python_version": "3.7.11 (default, Jul 27 2021, 09:42:29) [MSC v.1916 64 bit (AMD64)]",
        "command_line_arguments": "D:\\Anaconda\\envs\\AI_Project_2\\Scripts\\mlagents-learn config/rollerball.yaml --run-id=RollerBall --resume",
        "mlagents_version": "0.27.0",
        "mlagents_envs_version": "0.27.0",
        "communication_protocol_version": "1.5.0",
        "pytorch_version": "1.7.1+cpu",
        "numpy_version": "1.21.5",
        "end_time_seconds": "1641316633"
    },
    "total": 133.992585,
    "count": 1,
    "self": 0.007991000000004078,
    "children": {
        "run_training.setup": {
            "total": 0.10699349999999996,
            "count": 1,
            "self": 0.10699349999999996
        },
        "TrainerController.start_learning": {
            "total": 133.8776005,
            "count": 1,
            "self": 0.2621162000000936,
            "children": {
                "TrainerController._reset_env": {
                    "total": 8.8054767,
                    "count": 1,
                    "self": 8.8054767
                },
                "TrainerController.advance": {
                    "total": 124.70663809999989,
                    "count": 9724,
                    "self": 0.26569520000043667,
                    "children": {
                        "env_step": {
                            "total": 103.58463679999939,
                            "count": 9724,
                            "self": 87.50050039999985,
                            "children": {
                                "SubprocessEnvManager._take_step": {
                                    "total": 15.909514399999738,
                                    "count": 9724,
                                    "self": 0.6437299999998132,
                                    "children": {
                                        "TorchPolicy.evaluate": {
                                            "total": 15.265784399999925,
                                            "count": 9292,
                                            "self": 3.6336285000003397,
                                            "children": {
                                                "TorchPolicy.sample_actions": {
                                                    "total": 11.632155899999585,
                                                    "count": 9292,
                                                    "self": 11.632155899999585
                                                }
                                            }
                                        }
                                    }
                                },
                                "workers": {
                                    "total": 0.17462199999980754,
                                    "count": 9723,
                                    "self": 0.0,
                                    "children": {
                                        "worker_root": {
                                            "total": 124.65303900000069,
                                            "count": 9723,
                                            "is_parallel": true,
                                            "self": 48.61808300000163,
                                            "children": {
                                                "steps_from_proto": {
                                                    "total": 0.00067739999999894,
                                                    "count": 1,
                                                    "is_parallel": true,
                                                    "self": 0.0002945000000007525,
                                                    "children": {
                                                        "_process_rank_one_or_two_observation": {
                                                            "total": 0.00038289999999818747,
                                                            "count": 2,
                                                            "is_parallel": true,
                                                            "self": 0.00038289999999818747
                                                        }
                                                    }
                                                },
                                                "UnityEnvironment.step": {
                                                    "total": 76.03427859999906,
                                                    "count": 9723,
                                                    "is_parallel": true,
                                                    "self": 1.0467748999982973,
                                                    "children": {
                                                        "UnityEnvironment._generate_step_input": {
                                                            "total": 0.9372448000007392,
                                                            "count": 9723,
                                                            "is_parallel": true,
                                                            "self": 0.9372448000007392
                                                        },
                                                        "communicator.exchange": {
                                                            "total": 70.58696089999967,
                                                            "count": 9723,
                                                            "is_parallel": true,
                                                            "self": 70.58696089999967
                                                        },
                                                        "steps_from_proto": {
                                                            "total": 3.463298000000343,
                                                            "count": 9723,
                                                            "is_parallel": true,
                                                            "self": 2.2200420000005927,
                                                            "children": {
                                                                "_process_rank_one_or_two_observation": {
                                                                    "total": 1.2432559999997501,
                                                                    "count": 19446,
                                                                    "is_parallel": true,
                                                                    "self": 1.2432559999997501
                                                                }
                                                            }
                                                        }
                                                    }
                                                }
                                            }
                                        }
                                    }
                                }
                            }
                        },
                        "trainer_advance": {
                            "total": 20.85630610000007,
                            "count": 9723,
                            "self": 0.33838759999996526,
                            "children": {
                                "process_trajectory": {
                                    "total": 1.3782920000000374,
                                    "count": 9723,
                                    "self": 1.3782920000000374
                                },
                                "_update_policy": {
                                    "total": 19.139626500000066,