{
    "name": "root",
    "gauges": {
        "RollerBall.Policy.Entropy.mean": {
            "value": 0.37014323472976685,
            "min": 0.37014323472976685,
            "max": 0.446722149848938,
            "count": 15
        },
        "RollerBall.Policy.Entropy.sum": {
            "value": 3696.62060546875,
            "min": 671.8701171875,
            "max": 4411.875,
            "count": 15
        },
        "RollerBall.Step.mean": {
            "value": 749945.0,
            "min": 609950.0,
            "max": 749945.0,
            "count": 15
        },
        "RollerBall.Step.sum": {
            "value": 749945.0,
            "min": 609950.0,
            "max": 749945.0,
            "count": 15
        },
        "RollerBall.Policy.ExtrinsicValueEstimate.mean": {
            "value": 3.9068949222564697,
            "min": 3.7788610458374023,
            "max": 4.462460041046143,
            "count": 15
        },
        "RollerBall.Policy.ExtrinsicValueEstimate.sum": {
            "value": 1226.7650146484375,
            "min": 175.708984375,
            "max": 1282.918212890625,
            "count": 15
        },
        "RollerBall.Environment.EpisodeLength.mean": {
            "value": 52.693548387096776,
            "min": 45.437209302325584,
            "max": 55.19662921348315,
            "count": 15
        },
        "RollerBall.Environment.EpisodeLength.sum": {
            "value": 9801.0,
            "min": 1413.0,
            "max": 9858.0,
            "count": 15
        },
        "RollerBall.Environment.CumulativeReward.mean": {
            "value": 11.65268829432867,
            "min": 10.699069456166999,
            "max": 12.018518606821695,
            "count": 15
        },
        "RollerBall.Environment.CumulativeReward.sum": {
            "value": 2167.4000227451324,
            "min": 324.5000023841858,
            "max": 2300.299933075905,
            "count": 15
        },
        "RollerBall.Policy.ExtrinsicReward.mean": {
            "value": 11.65268829432867,
            "min": 10.699069456166999,
            "max": 12.018518606821695,
            "count": 15
        },
        "RollerBall.Policy.ExtrinsicReward.sum": {
            "value": 2167.4000227451324,
            "min": 324.5000023841858,
            "max": 2300.299933075905,
            "count": 15
        },
        "RollerBall.Losses.PolicyLoss.mean": {
            "value": 0.24726451896907942,
            "min": 0.23926014348678673,
            "max": 0.2508007675496281,
            "count": 15
        },
        "RollerBall.Losses.PolicyLoss.sum": {
            "value": 18.544838922680956,
            "min": 2.44364541051339,
            "max": 18.981815628042924,
            "count": 15
        },
        "RollerBall.Losses.ValueLoss.mean": {
            "value": 0.10765391111435918,
            "min": 0.0852835290659785,
            "max": 0.15190459135082326,
            "count": 15
        },
        "RollerBall.Losses.ValueLoss.sum": {
            "value": 8.074043333576938,
            "min": 0.8528352906597849,
            "max": 11.0890351686101,
            "count": 15
        },
        "RollerBall.Policy.LearningRate.mean": {
            "value": 7.648339050556134e-05,
            "min": 7.648339050556134e-05,
            "max": 0.00011722455092516997,
            "count": 15
        },
        "RollerBall.Policy.LearningRate.sum": {
            "value": 0.0057362542879171,
            "min": 0.0011722455092516998,
            "max": 0.008664741411754402,
            "count": 15
        },
        "RollerBall.Policy.Epsilon.mean": {
            "value": 0.15098887733333333,
            "min": 0.15098887733333333,
            "max": 0.17814966,
            "count": 15
        },
        "RollerBall.Policy.Epsilon.sum": {
            "value": 11.3241658,
            "min": 1.7814965999999999,
            "max": 13.6670816,
            "count": 15
        },
        "RollerBall.Policy.Beta.mean": {
            "value": 0.00013492274946666665,
            "min": 0.00013492274946666665,
            "max": 0.000201466667,
            "count": 15
        },
        "RollerBall.Policy.Beta.sum": {
            "value": 0.010119206209999999,
            "min": 0.00201466667,
            "max": 0.014919349920000002,
            "count": 15
        },
        "RollerBall.IsTraining.mean": {
            "value": 1.0,
            "min": 1.0,
            "max": 1.0,
            "count": 15
        },
        "RollerBall.IsTraining.sum": {
            "value": 1.0,
            "min": 1.0,
            "max": 1.0,
            "count": 15
        }
    },
    "metadata": {
        "timer_format_version": "0.1.0",
        "start_time_seconds": "1642936755",
        "python_version": "3.7.11 (default, Jul 27 2021, 09:42:29) [MSC v.1916 64 bit (AMD64)]",
        "command_line_arguments": "Z:\\Programas\\Anaconda3\\envs\\AI2\\Scripts\\mlagents-learn config/rollerball.yaml --run-id=RollerBall1 --resume",
        "mlagents_version": "0.27.0",
        "mlagents_envs_version": "0.27.0",
        "communication_protocol_version": "1.5.0",
        "pytorch_version": "1.7.1+cpu",
        "numpy_version": "1.21.5",
        "end_time_seconds": "1642938395"
    },
    "total": 1640.0101338000002,
    "count": 1,
    "self": 0.005035600000155682,
    "children": {
        "run_training.setup": {
            "total": 0.10376779999999997,
            "count": 1,
            "self": 0.10376779999999997
        },
        "TrainerController.start_learning": {
            "total": 1639.9013304,
            "count": 1,
            "self": 2.728649800020321,
            "children": {
                "TrainerController._reset_env": {
                    "total": 5.7831075,
                    "count": 1,
                    "self": 5.7831075
                },
                "TrainerController.advance": {
                    "total": 1631.2757801999796,
                    "count": 144083,
                    "self": 2.969868299901691,
                    "children": {
                        "env_step": {
                            "total": 1424.8053260000422,
                            "count": 144083,
                            "self": 1255.784911700071,
                            "children": {
                                "SubprocessEnvManager._take_step": {
                                    "total": 167.30251749999715,
                                    "count": 144083,
                                    "self": 6.2879239999716106,
                                    "children": {
                                        "TorchPolicy.evaluate": {
                                            "total": 161.01459350002554,
                                            "count": 141656,
                                            "self": 37.82140749997524,
                                            "children": {
                                                "TorchPolicy.sample_actions": {
                                                    "total": 123.1931860000503,
                                                    "count": 141656,
                                                    "self": 123.1931860000503
                                                }
                                            }
                                        }
                                    }
                                },
                                "workers": {
                                    "total": 1.717896799974124,
                                    "count": 144082,
                                    "self": 0.0,
                                    "children": {
                                        "worker_root": {
                                            "total": 1630.42163209997,
                                            "count": 144082,
                                            "is_parallel": true,